CD206,027
BRS184,008
MERCEDES70,008
RS10,001
BRS214,005
CD205,026
MERCEDES70,032
MSOY5826,039
MERCEDES70,049
BRS133,026
MSOY8000RR,048
NK8350,036
CD205,045
EMB48,045
NK8350,035
MSOY8000RR,019
NK8350,040
MERCEDES70,039
MERCEDES70,037
MERCEDES70,010
MERCEDES70,005
EMB48,016
CD206,024
MSOY5826,045
BRS214,033
CD206,026
AL83,007
BRS133,043
BRS214,039
BRS214,029
RS10,005
CD206,006
CD205,027
CD215,049
AL83,029
MERCEDES70,024
NK8350,032
CD215,033
NK8350,003
EMB48,030
BRS184,025
BRS133,036
CD215,013
CD206,015
RS10,009
EMB48,043
AL83,022
CD206,032
MSOY5826,034
AL83,050
BRS184,020
RS10,013
BRS133,003
EMB48,046
BRS184,033
CD215,020
CD206,023
CD215,022
CD206,010
AL83,018
CD205,009
MSOY5826,002
MERCEDES70,028
CD206,008
MSOY8000RR,012
BRS184,045
AL83,041
BRS184,002
EMB48,047
NK8350,026
MERCEDES70,001
BRS133,015
MSOY5826,043
MERCEDES70,022
CD206,028
BRS184,024
MSOY5826,010
AL83,014
MSOY8000RR,035
MSOY8000RR,003
MSOY8000RR,022
EMB48,014
MSOY8000RR,042
CD205,005
BRS133,018
CD215,004
RS10,008
CD215,048
MSOY8000RR,016
MSOY5826,020
MSOY8000RR,038
BRS214,044
MSOY5826,006
CD206,046
CD206,033
CD206,005
BRS133,028
EMB48,005
BRS184,026
CD205,020
NK8350,049
NK8350,018
BRS133,048
MERCEDES70,006
NK8350,037
NK8350,047
BRS133,007
CD215,016
BRS184,036
CD215,037
AL83,012
MSOY5826,040
BRS214,049
MSOY8000RR,041
BRS214,003
BRS133,016
RS10,010
MSOY5826,015
NK8350,024
CD206,002
AL83,011
MSOY8000RR,043
BRS184,013
RS10,023
AL83,042
CD205,046
AL83,049
MERCEDES70,007
BRS184,017
EMB48,015
BRS214,006
CD215,042
BRS184,009
BRS214,046
EMB48,008
BRS133,050
CD206,044
AL83,010
MERCEDES70,017
AL83,034
EMB48,032
CD205,017
CD215,007
MSOY8000RR,001
CD206,003
MERCEDES70,033
RS10,015
BRS133,032
CD205,048
NK8350,014
NK8350,017
AL83,009
AL83,002
BRS214,018
MSOY5826,004
CD215,009
RS10,033
MSOY8000RR,039
RS10,041
BRS214,010
BRS214,040
BRS133,025
NK8350,048
MSOY8000RR,047
MSOY5826,017
CD215,034
BRS214,016
NK8350,016
MSOY8000RR,002
EMB48,040
CD205,019
MERCEDES70,003
CD215,014
CD215,018
MSOY8000RR,027
NK8350,043
CD215,030
CD206,017
BRS184,004
EMB48,031
BRS133,005
CD215,001
CD215,006
BRS184,047
BRS214,001
EMB48,007
AL83,039
MSOY5826,007
EMB48,006
RS10,011
BRS214,042
RS10,028
MERCEDES70,050
RS10,045
MSOY5826,021
EMB48,002
AL83,003
BRS184,006
AL83,048
RS10,018
CD205,023
MSOY5826,024
BRS184,015
NK8350,001
BRS184,021
BRS133,020
AL83,006
CD205,014
CD205,004
CD205,021
MERCEDES70,009
RS10,030
BRS133,023
CD205,022
BRS214,043
MSOY5826,019
RS10,006
CD215,041
RS10,043
MSOY8000RR,008
BRS133,006
CD205,044
EMB48,027
BRS214,020
BRS184,050
CD205,007
BRS214,047
CD205,016
MSOY5826,030
RS10,026
NK8350,041
EMB48,010
BRS214,007
CD206,050
MSOY8000RR,010
CD215,040
NK8350,025
CD215,050
BRS133,046
CD206,009
CD205,011
MERCEDES70,020
EMB48,024
NK8350,012
CD205,047
MSOY8000RR,014
MSOY5826,048
MSOY5826,014
BRS133,042
CD206,021
MSOY8000RR,045
BRS184,031
MSOY5826,016
RS10,049
BRS184,014
AL83,028
BRS133,019
MERCEDES70,012
AL83,046
RS10,012
